query_id,baseline_time_sec
Q1,0.13883312543233237
Q2,0.13410035769144693
Q3,0.13213022549947104
Q4,0.13412928581237793
Q5,0.13381687800089517
