query_id,baseline_time_sec
Q1,0.17439508438110352
Q2,0.13922460873921713
Q3,0.2312760353088379
Q4,0.20246473948160806
Q5,0.17959833145141602
